npi,organization_name,hcpcs_code,submitted_charge,medicare_allowed,charge_multiplier,p90_threshold
1851343537,"MEDICAL EXPRESS AMBULANCE SERVICE, INC",A0427,2527.6073744,440.86249595,5.73,2.76
1245383181,BUCKLEY FIRE PROTECTION DISTRICT,A0427,1973.3333333,405.44333333,4.87,2.76
1548526932,"MISSIONCARE OF ILLINOIS, LLC",A0427,1812.432666,406.35434051,4.46,2.76
1528014933,MIDWEST MEDICAL SERVICES INC,A0427,1966.1870504,446.33517986,4.41,2.76
1730155839,"ADVANCED CRITICAL TRANSPORT, INC.",A0427,1925.4848485,440.97727273,4.37,2.76
1679647242,COAL CITY FIRE PROTECTION DISTRICT,A0427,1641.6030534,403.94427481,4.06,2.76
1386681377,NEW LENOX FIRE PROTECTION DISTRICT,A0427,1658.1939799,446.64993311,3.71,2.76
1720045099,ADDISON FIRE PROTECTION DISTRICT NO 1,A0427,1650.0,446.66,3.69,2.76
1073554341,MINOOKA FIRE PROTECTION DISTRICT,A0427,1500.0,414.71231638,3.62,2.76
1073752440,GUARDIAN CRITICAL CARE SERVICES LLC,A0427,1576.4717857,444.94,3.54,2.76
1730276734,ROBERTS PARK FIRE PROTECTION DISTRICT,A0427,1512.3529412,440.64,3.43,2.76
1053332254,NORWOOD PARK FIRE PROTECTION DISTRICT,A0427,1509.8780488,440.64,3.43,2.76
1073551990,VILLAGE OF BERKELEY,A0427,1503.125,440.7340625,3.41,2.76
1396750147,CHANNAHON FIRE PROTECTION DISTRICT,A0427,1500.0,445.37066667,3.37,2.76
1215940960,TROY FIRE PROTECTION DISTRICT,A0427,1500.0,446.55504717,3.36,2.76
1518007830,HOMER TOWNSHIP FIRE PROTECTION DISTRICT,A0427,1500.0,446.57050179,3.36,2.76
1275570061,RIDGE AMBULANCE SERVICE INC,A0427,1400.0,430.87463367,3.25,2.76
1194747188,LITTLE ROCK FOX FIRE PROTECTION DISTRICT,A0427,1300.0,402.16,3.23,2.76
1073853347,BRAIDWOOD FIRE PROTECTION DISTRICT,A0427,1400.456621,442.41086758,3.17,2.76
1598716714,VILLAGE OF HILLSIDE,A0427,1385.6097561,440.66936585,3.14,2.76
1386758126,"EDGAR COUNTY SPECIAL SERVICE AREA AMBULANCE, INC.",A0427,1269.6653772,406.0993617,3.13,2.76
1730186271,ADAMS COUNTY AMBULANCE & E M S,A0427,1266.8523234,406.21684278,3.12,2.76
1164572855,MISSION CARE OF ILLINOIS LLC,A0427,1276.2277282,409.9032471,3.11,2.76
1528001302,PUBLIC SAFETY SERVICES INC,A0427,1250.0,402.16,3.11,2.76
1760579817,VILLAGE OF WESTCHESTER,A0427,1365.6976744,440.6575,3.1,2.76
1952312498,"A-TEC AMBULANCE, INC",A0427,1329.2534593,435.19916301,3.05,2.76
1972518413,LEYDEN FIRE PROTECTION DISTRICT,A0427,1345.3521127,440.72478873,3.05,2.76
1508876160,NORTHLAKE FIRE PROTECTION DISTRICT,A0427,1333.3566434,440.66104895,3.03,2.76
1336410661,GARDNER FIRE PROTECTION DISTRICT,A0427,1217.6712329,403.60835616,3.02,2.76
1801902507,DARIEN WOODRIDGE FIRE PROTECTION DISTRICT,A0427,1348.1308411,446.66,3.02,2.76
1336107838,"SUPERIOR AIR-GROUND AMBULANCE SERVICE, INC",A0427,1328.5311143,439.47035352,3.02,2.76
1639285414,"ATS MEDICAL SERVICES, LLC",A0427,1200.48,403.06325439,2.98,2.76
1265548002,VILLAGE OF BELLWOOD,A0427,1309.3452381,440.64,2.97,2.76
1467517219,VILLAGE OF FLOSSMOOR,A0427,1300.0,440.64,2.95,2.76
1003849647,SPRING GROVE FIRE PROTECTION DISTRICT,A0427,1183.984375,402.8553125,2.94,2.76
1053530923,EAST JOLIET FIRE PROTECTION DISTRICT,A0427,1302.5,446.66,2.92,2.76
1962442798,PLAINFIELD FIRE PROTECTION DISTRICT,A0427,1300.0,446.51895404,2.91,2.76
1376573345,BROWN COUNTY,A0427,1437.7096552,497.88,2.89,2.76
1730193004,KURTZ AMBULANCE SERVICE INC,A0427,1240.8371006,431.10562026,2.88,2.76
1235188152,ITASCA FIRE PROTECTION DISTRICT NO 1,A0427,1283.4645669,446.56519685,2.87,2.76
1346304342,CITY OF OAK FOREST,A0427,1253.0215827,440.64,2.84,2.76
1740377746,WINFIELD FIRE PROTECTION DISTRICT,A0427,1250.0,446.66,2.8,2.76
1780698050,HOMETOWN FIRE PROTECTION DISTRICT,A0427,1226.5306122,440.64,2.78,2.76
1114271244,VILLAGE OF ANTIOCH,A0427,1236.5112994,446.66,2.77,2.76
1659685964,"ARROW AMBULANCE, LLC",A0427,1117.6133027,403.33233129,2.77,2.76
1174759294,FOX LAKE FIRE PROTECTION DISTRICT,A0427,1214.0077821,439.82050584,2.76,2.76
1013900364,MEDSTAR AMBULANCE INC,A0427,1134.6503988,410.77159717,2.76,2.76
1871969485,LOYOLA MEDICINE TRANSPORT LLC,A0428,1100.0,231.9437594,4.74,3.79
1265878086,NORTHWEST RESCUE LLC,A0428,1000.0,213.25058824,4.69,3.79
1548526932,"MISSIONCARE OF ILLINOIS, LLC",A0428,960.80139588,211.98002288,4.53,3.79
1730193004,KURTZ AMBULANCE SERVICE INC,A0428,1017.5442938,226.32954273,4.5,3.79
1730155839,"ADVANCED CRITICAL TRANSPORT, INC.",A0428,1035.8421053,231.98405263,4.47,3.79
1851343537,"MEDICAL EXPRESS AMBULANCE SERVICE, INC",A0428,973.30945733,227.59339444,4.28,3.79
1336107838,"SUPERIOR AIR-GROUND AMBULANCE SERVICE, INC",A0428,981.98697148,231.01748626,4.25,3.79
1952312498,"A-TEC AMBULANCE, INC",A0428,894.01137082,215.01233529,4.16,3.79
1528014933,MIDWEST MEDICAL SERVICES INC,A0428,955.57909091,234.63329545,4.07,3.79
1013900364,MEDSTAR AMBULANCE INC,A0428,868.69765546,216.23731933,4.02,3.79
1275570061,RIDGE AMBULANCE SERVICE INC,A0428,850.0,215.70114454,3.94,3.79
1386634517,COUNTY OF MONROE,A0428,856.55737705,217.56819672,3.94,3.79
1730186271,ADAMS COUNTY AMBULANCE & E M S,A0428,813.45226131,213.69100503,3.81,3.79
1679647242,COAL CITY FIRE PROTECTION DISTRICT,A0429,1345.3608247,339.71659794,3.96,2.56
1851343537,"MEDICAL EXPRESS AMBULANCE SERVICE, INC",A0429,1395.3035936,371.36260636,3.76,2.56
1386681377,NEW LENOX FIRE PROTECTION DISTRICT,A0429,1319.4656489,376.13,3.51,2.56
1073554341,MINOOKA FIRE PROTECTION DISTRICT,A0429,1200.0,346.15208955,3.47,2.56
1720045099,ADDISON FIRE PROTECTION DISTRICT NO 1,A0429,1275.0,376.13,3.39,2.56
1780698050,HOMETOWN FIRE PROTECTION DISTRICT,A0429,1234.6153846,371.07,3.33,2.56
1396750147,CHANNAHON FIRE PROTECTION DISTRICT,A0429,1200.0,374.50086957,3.2,2.56
1215940960,TROY FIRE PROTECTION DISTRICT,A0429,1200.0,375.84613636,3.19,2.56
1518007830,HOMER TOWNSHIP FIRE PROTECTION DISTRICT,A0429,1200.0,376.13,3.19,2.56
1730276734,ROBERTS PARK FIRE PROTECTION DISTRICT,A0429,1165.4411765,371.07,3.14,2.56
1740377746,WINFIELD FIRE PROTECTION DISTRICT,A0429,1084.8314607,348.4241573,3.11,2.56
1548526932,"MISSIONCARE OF ILLINOIS, LLC",A0429,1056.2536216,342.79762162,3.08,2.56
1831244144,"FULTON COUNTY EMERGENCY MEDICAL ASSOCIATION, INC.",A0429,1044.5632911,342.22458861,3.05,2.56
1639285414,"ATS MEDICAL SERVICES, LLC",A0429,1008.3784459,339.35506757,2.97,2.56
1467517219,VILLAGE OF FLOSSMOOR,A0429,1100.0,371.07,2.96,2.56
1447344866,BRACEVILLE FIRE PROTECTION DISTRICT,A0429,1000.0,338.66,2.95,2.56
1235188152,ITASCA FIRE PROTECTION DISTRICT NO 1,A0429,1096.3636364,376.038,2.92,2.56
1760472070,CITY OF JOLIET,A0429,1091.9080919,376.13,2.9,2.56
1952312498,"A-TEC AMBULANCE, INC",A0429,1028.75,363.155625,2.83,2.56
1235403841,"BRIGHT STAR AMBULANCE, INC.",A0429,1000.0,357.57944444,2.8,2.56
1932148350,ORLAND FIRE PROTECTION DISTRICT,A0429,1035.1116625,371.07,2.79,2.56
1073853347,BRAIDWOOD FIRE PROTECTION DISTRICT,A0429,1030.0,370.5925,2.78,2.56
1699836379,PEORIA HOSPITAL'S MOBILE MEDICAL SERVICES,A0429,940.16269841,338.57437996,2.78,2.56
1801902507,DARIEN WOODRIDGE FIRE PROTECTION DISTRICT,A0429,1044.1919192,376.13,2.78,2.56
1073506283,"LOGAN COUNTY PARAMEDIC ASSOCIATION, INC",A0429,929.44839858,341.98,2.72,2.56
1376583633,"AMBULANCE TRANSPORTATION, INC",A0429,1007.9283887,371.01786445,2.72,2.56
1124067541,VILLAGE OF OAK LAWN,A0429,1008.8135593,371.07,2.72,2.56
1730133166,TRACE AMBULANCE INC,A0429,1004.4239905,371.54758314,2.7,2.56
1730193004,KURTZ AMBULANCE SERVICE INC,A0429,980.19446689,364.48514796,2.69,2.56
1710093372,VILLAGE OF GURNEE,A0429,1010.9002235,376.13,2.69,2.56
1346475092,CRESCENT-IROQUOIS EMS & AMBULANCE,A0429,917.0,341.98,2.68,2.56
1295809739,MVK AMBULANCE SERVICE,A0429,900.0,338.66,2.66,2.56
1194747188,LITTLE ROCK FOX FIRE PROTECTION DISTRICT,A0429,900.0,338.66,2.66,2.56
1871528133,VILLAGE OF WINTHROP HBR,A0429,1000.0,376.13,2.66,2.56
1962442798,PLAINFIELD FIRE PROTECTION DISTRICT,A0429,1000.0,375.76336207,2.66,2.56
1528014933,MIDWEST MEDICAL SERVICES INC,A0429,991.04651163,375.60046512,2.64,2.56
1336107838,"SUPERIOR AIR-GROUND AMBULANCE SERVICE, INC",A0429,974.24927536,370.53126957,2.63,2.56
1134293715,PROPHETSTOWN FIRE PROTECTION DISTRICT,A0429,900.0,341.98,2.63,2.56
1629142138,TAMPICO FIRE PROTECTION DISTRICT,A0429,900.0,341.98,2.63,2.56
1770618514,SENECA VOLUNTEER AMBULANCE SQUAD,A0429,900.0,341.82909091,2.63,2.56
1396771077,EDWARDS COUNTY EMS NFP,A0429,899.55752212,341.98,2.63,2.56
1427005347,"BLACKHAWK MEDICAL TRANSPORTATION, INC.",A0429,973.14229004,371.19300335,2.62,2.56
1174513485,"DECATUR AMBULANCE SERVICE, INC.",A0429,885.04310345,339.28982009,2.61,2.56
1568405835,SOUTH ELGIN AND COUNTRYSIDE FIRE PROTECTION DISTRICT,A0429,977.45191489,375.86414894,2.6,2.56
1457635674,EDWARD AMBULANCE SERVICES LLC,A0429,975.36231884,376.13,2.59,2.56
1679660740,VILLAGE OF STONE PARK,A0429,960.41666667,371.07,2.59,2.56
1508236431,ERICKSON AMBULANCE LLC,A0429,900.0,350.33256579,2.57,2.56
1013900364,MEDSTAR AMBULANCE INC,A0429,882.42681073,345.36036264,2.56,2.56
1093986366,VILLAGE OF GLENVIEW,A0429,949.18357631,371.07,2.56,2.56
1548526932,"MISSIONCARE OF ILLINOIS, LLC",A0433,2293.9366667,587.78,3.9,2.4
1730186271,ADAMS COUNTY AMBULANCE & E M S,A0433,2033.5416667,587.78,3.46,2.4
1659685964,"ARROW AMBULANCE, LLC",A0433,1848.5133333,583.33888889,3.17,2.4
1386681377,NEW LENOX FIRE PROTECTION DISTRICT,A0433,2000.0,646.48,3.09,2.4
1891030524,"PARAMEDIC SERVICES OF ILLINOIS INC,",A0433,1800.0,586.94439024,3.07,2.4
1164572855,MISSION CARE OF ILLINOIS LLC,A0433,1691.4667273,593.79672727,2.85,2.4
1699836379,PEORIA HOSPITAL'S MOBILE MEDICAL SERVICES,A0433,1645.4421053,583.15189474,2.82,2.4
1053332254,NORWOOD PARK FIRE PROTECTION DISTRICT,A0433,1709.375,637.77,2.68,2.4
1508876160,NORTHLAKE FIRE PROTECTION DISTRICT,A0433,1660.7142857,637.77,2.6,2.4
1831244144,"FULTON COUNTY EMERGENCY MEDICAL ASSOCIATION, INC.",A0433,1548.8947368,594.77157895,2.6,2.4
1336107838,"SUPERIOR AIR-GROUND AMBULANCE SERVICE, INC",A0434,6186.5570482,750.82583732,8.24,4.79
1730155839,"ADVANCED CRITICAL TRANSPORT, INC.",A0434,5021.5323194,753.87471483,6.66,4.79
1851343537,"MEDICAL EXPRESS AMBULANCE SERVICE, INC",A0434,4839.5588235,752.63077941,6.43,4.79
1275570061,RIDGE AMBULANCE SERVICE INC,A0434,3500.0,701.70698718,4.99,4.79
1457635674,EDWARD AMBULANCE SERVICES LLC,A0434,3680.0,763.79630435,4.82,4.79